{"stats":{"minecraft:mined":{"minecraft:dandelion":3,"minecraft:crafting_table":1,"minecraft:grass":14,"minecraft:grass_block":3,"minecraft:oak_log":7,"minecraft:tall_grass":2,"minecraft:oak_leaves":6},"minecraft:custom":{"minecraft:time_since_rest":494,"minecraft:sprint_one_cm":15810,"minecraft:damage_taken":700,"minecraft:walk_one_cm":25467,"minecraft:mob_kills":5,"minecraft:drop":2,"minecraft:damage_dealt":1016,"minecraft:interact_with_crafting_table":2,"minecraft:fly_one_cm":41742,"minecraft:play_one_minute":12312,"minecraft:crouch_one_cm":1534,"minecraft:deaths":3,"minecraft:sneak_time":721,"minecraft:jump":200,"minecraft:leave_game":6,"minecraft:time_since_death":474,"minecraft:fall_one_cm":3971},"minecraft:killed":{"minecraft:zombie":4,"minecraft:spider":1},"minecraft:killed_by":{"minecraft:creeper":1,"minecraft:zombie":2},"minecraft:picked_up":{"minecraft:wooden_axe":2,"minecraft:stick":25,"minecraft:crafting_table":4,"minecraft:dandelion":3,"minecraft:wooden_pickaxe":2,"minecraft:oak_log":7,"minecraft:dirt":18,"minecraft:rotten_flesh":10,"minecraft:oak_sapling":1,"minecraft:oak_planks":36},"minecraft:used":{"minecraft:oak_log":1,"minecraft:wooden_axe":12,"minecraft:dirt":3,"minecraft:crafting_table":1,"minecraft:dandelion":3},"minecraft:dropped":{"minecraft:oak_sapling":1,"minecraft:rotten_flesh":2},"minecraft:crafted":{"minecraft:oak_planks":24,"minecraft:crafting_table":1,"minecraft:stick":8,"minecraft:wooden_pickaxe":1,"minecraft:wooden_axe":1}},"DataVersion":2586}