{"stats":{"minecraft:mined":{"minecraft:dandelion":3,"minecraft:crafting_table":1,"minecraft:grass":17,"minecraft:grass_block":3,"minecraft:oak_log":7,"minecraft:dirt":9,"minecraft:tall_grass":2,"minecraft:oak_leaves":6},"minecraft:custom":{"minecraft:time_since_rest":3528,"minecraft:sprint_one_cm":25105,"minecraft:damage_taken":1020,"minecraft:walk_one_cm":37076,"minecraft:mob_kills":8,"minecraft:drop":2,"minecraft:damage_dealt":1461,"minecraft:interact_with_crafting_table":2,"minecraft:fly_one_cm":63455,"minecraft:play_one_minute":18314,"minecraft:crouch_one_cm":3515,"minecraft:deaths":4,"minecraft:sneak_time":1189,"minecraft:jump":296,"minecraft:leave_game":7,"minecraft:time_since_death":3508,"minecraft:fall_one_cm":7166},"minecraft:killed":{"minecraft:sheep":2,"minecraft:zombie":5,"minecraft:spider":1},"minecraft:killed_by":{"minecraft:creeper":2,"minecraft:zombie":2},"minecraft:picked_up":{"minecraft:wooden_axe":3,"minecraft:stick":32,"minecraft:crafting_table":5,"minecraft:dandelion":3,"minecraft:wooden_pickaxe":3,"minecraft:oak_log":7,"minecraft:string":2,"minecraft:dirt":61,"minecraft:rotten_flesh":15,"minecraft:oak_sapling":1,"minecraft:mutton":3,"minecraft:oak_planks":46,"minecraft:white_wool":2},"minecraft:used":{"minecraft:oak_log":1,"minecraft:wooden_axe":18,"minecraft:dirt":119,"minecraft:crafting_table":1,"minecraft:dandelion":3},"minecraft:dropped":{"minecraft:oak_sapling":1,"minecraft:rotten_flesh":2},"minecraft:crafted":{"minecraft:oak_planks":24,"minecraft:crafting_table":1,"minecraft:stick":8,"minecraft:wooden_pickaxe":1,"minecraft:wooden_axe":1}},"DataVersion":2586}